Epoch,Batch,Loss
0,0,7126.29345703125
0,1,6865.93798828125
0,2,6804.5478515625
1,0,5837.2314453125
1,1,5428.9150390625
1,2,4416.20751953125
2,0,5287.41552734375
2,1,4660.27880859375
2,2,3771.783447265625
3,0,4001.76220703125
3,1,4466.85986328125
3,2,4216.67578125
4,0,4236.19482421875
4,1,3496.117431640625
4,2,3457.62890625
5,0,3770.96435546875
5,1,3247.908203125
5,2,2910.742919921875
6,0,2602.399169921875
6,1,3447.345703125
6,2,3097.969970703125
7,0,2168.293701171875
7,1,3261.927490234375
7,2,2693.6083984375
8,0,2531.456787109375
8,1,2503.433837890625
8,2,1954.3687744140625
9,0,2603.874267578125
9,1,1757.1005859375
9,2,1828.5467529296875
10,0,1997.5545654296875
10,1,1929.5479736328125
10,2,1037.0355224609375
11,0,1684.1614990234375
11,1,1600.5693359375
11,2,488.0058898925781
12,0,1072.8853759765625
12,1,967.8302612304688
12,2,1029.4315185546875
13,0,1026.0260009765625
13,1,463.0613708496094
13,2,145.34271240234375
14,0,450.42864990234375
14,1,28.14737319946289
14,2,219.79074096679688
15,0,-103.7094955444336
15,1,-24.459548950195312
15,2,-195.53848266601562
16,0,-320.7557373046875
16,1,-336.32183837890625
16,2,-881.0140380859375
17,0,-695.4091186523438
17,1,-772.5697021484375
17,2,-522.5949096679688
18,0,-910.986328125
18,1,-1070.21484375
18,2,-496.29241943359375
19,0,-1161.2281494140625
19,1,-1184.5760498046875
19,2,-665.21142578125
20,0,-1271.569091796875
20,1,-1287.8095703125
20,2,-914.4754638671875
21,0,-1182.1611328125
21,1,-1410.392333984375
21,2,-1325.6314697265625
22,0,-1348.0543212890625
22,1,-1408.121337890625
22,2,-1552.6727294921875
23,0,-1530.209716796875
23,1,-1711.778564453125
23,2,-1097.423583984375
24,0,-1513.6846923828125
24,1,-1576.508056640625
24,2,-1847.8642578125
25,0,-1576.9339599609375
25,1,-1729.4998779296875
25,2,-1686.3896484375
26,0,-1745.899169921875
26,1,-1740.0216064453125
26,2,-1615.0885009765625
27,0,-1770.717529296875
27,1,-1794.771240234375
27,2,-1843.1588134765625
28,0,-1940.273193359375
28,1,-1775.5797119140625
28,2,-1853.7099609375
29,0,-1946.1156005859375
29,1,-1897.614501953125
29,2,-1946.9320068359375
30,0,-1945.47314453125
30,1,-2008.2427978515625
30,2,-2039.417236328125
31,0,-1927.135009765625
31,1,-2116.81787109375
31,2,-2108.773681640625
32,0,-2092.44384765625
32,1,-1982.624755859375
32,2,-2267.105712890625
33,0,-2066.272216796875
33,1,-2181.28125
33,2,-2078.436279296875
34,0,-2150.80126953125
34,1,-2140.351806640625
34,2,-2178.277099609375
35,0,-2106.7138671875
35,1,-2228.638671875
35,2,-2152.5654296875
36,0,-2212.814208984375
36,1,-2142.736328125
36,2,-2264.180908203125
37,0,-2227.7197265625
37,1,-2148.492919921875
37,2,-2276.966064453125
38,0,-2333.45654296875
38,1,-2145.86669921875
38,2,-2161.108154296875
39,0,-2287.76513671875
39,1,-2188.69775390625
39,2,-2282.509033203125
40,0,-2322.10546875
40,1,-2183.697021484375
40,2,-2330.381103515625
41,0,-2300.84033203125
41,1,-2257.308349609375
41,2,-2306.5234375
42,0,-2261.058837890625
42,1,-2357.7900390625
42,2,-2226.897216796875
43,0,-2233.64013671875
43,1,-2409.90966796875
43,2,-2186.131103515625
44,0,-2368.17431640625
44,1,-2308.02783203125
44,2,-2248.527099609375
45,0,-2348.63037109375
45,1,-2346.525634765625
45,2,-2338.23974609375
46,0,-2444.3955078125
46,1,-2276.8759765625
46,2,-2379.2099609375
47,0,-2404.253173828125
47,1,-2341.767333984375
47,2,-2317.89453125
48,0,-2403.20263671875
48,1,-2408.49755859375
48,2,-2276.282470703125
49,0,-2444.622802734375
49,1,-2311.83935546875
49,2,-2524.289306640625
50,0,-2354.408203125
50,1,-2509.311279296875
50,2,-2408.094970703125
51,0,-2416.01171875
51,1,-2480.1357421875
51,2,-2436.79345703125
52,0,-2471.32080078125
52,1,-2470.8994140625
52,2,-2440.1650390625
53,0,-2431.406005859375
53,1,-2494.518798828125
53,2,-2568.044189453125
54,0,-2468.9248046875
54,1,-2550.96826171875
54,2,-2493.25830078125
55,0,-2503.15234375
55,1,-2542.7724609375
55,2,-2530.183837890625
56,0,-2616.4619140625
56,1,-2505.921875
56,2,-2446.617919921875
57,0,-2531.690185546875
57,1,-2604.072265625
57,2,-2490.009521484375
58,0,-2577.064697265625
58,1,-2568.604736328125
58,2,-2509.796630859375
59,0,-2604.236328125
59,1,-2588.14453125
59,2,-2510.9921875
60,0,-2598.437255859375
60,1,-2576.46240234375
60,2,-2646.6240234375
61,0,-2676.498046875
61,1,-2526.9814453125
61,2,-2646.721435546875
62,0,-2606.159912109375
62,1,-2618.41162109375
62,2,-2639.427734375
63,0,-2691.42041015625
63,1,-2549.074462890625
63,2,-2690.78173828125
64,0,-2604.4892578125
64,1,-2681.810791015625
64,2,-2642.453369140625
65,0,-2675.946044921875
65,1,-2638.124755859375
65,2,-2596.115478515625
66,0,-2681.16552734375
66,1,-2671.015625
66,2,-2634.375732421875
67,0,-2604.384765625
67,1,-2712.55908203125
67,2,-2767.83984375
68,0,-2680.255126953125
68,1,-2690.83740234375
68,2,-2749.927490234375
69,0,-2646.86572265625
69,1,-2740.203125
69,2,-2755.36376953125
70,0,-2707.29736328125
70,1,-2696.00927734375
70,2,-2797.302490234375
71,0,-2741.73291015625
71,1,-2746.96630859375
71,2,-2685.88330078125
72,0,-2723.33349609375
72,1,-2711.684326171875
72,2,-2846.359375
73,0,-2690.431396484375
73,1,-2748.265625
73,2,-2834.7998046875
74,0,-2778.491943359375
74,1,-2719.24658203125
74,2,-2800.35546875
75,0,-2787.991943359375
75,1,-2793.166015625
75,2,-2717.9130859375
76,0,-2758.40087890625
76,1,-2829.45263671875
76,2,-2738.307861328125
77,0,-2777.077880859375
77,1,-2870.01123046875
77,2,-2711.176513671875
78,0,-2868.92041015625
78,1,-2782.463134765625
78,2,-2745.140625
79,0,-2823.978759765625
79,1,-2827.331298828125
79,2,-2781.249755859375
80,0,-2795.510986328125
80,1,-2861.590087890625
80,2,-2807.78076171875
81,0,-2853.22021484375
81,1,-2810.18994140625
81,2,-2874.642333984375
82,0,-2921.378173828125
82,1,-2811.95849609375
82,2,-2797.859619140625
83,0,-2847.579345703125
83,1,-2885.6787109375
83,2,-2857.8935546875
84,0,-2899.0166015625
84,1,-2841.2724609375
84,2,-2865.1533203125
85,0,-2859.05126953125
85,1,-2920.150390625
85,2,-2881.70703125
86,0,-2873.520751953125
86,1,-2903.344482421875
86,2,-2959.559814453125
87,0,-2911.785400390625
87,1,-2928.86962890625
87,2,-2797.367919921875
88,0,-2971.513427734375
88,1,-2941.6787109375
88,2,-2685.75927734375
89,0,-2905.761474609375
89,1,-2921.15966796875
89,2,-2931.8955078125
90,0,-2873.947265625
90,1,-3021.501953125
90,2,-2864.001708984375
91,0,-2893.660888671875
91,1,-2953.6318359375
91,2,-3019.538330078125
92,0,-2913.364501953125
92,1,-3007.00927734375
92,2,-2947.107421875
93,0,-2970.010009765625
93,1,-3000.8369140625
93,2,-2882.634765625
94,0,-2930.29150390625
94,1,-3030.949462890625
94,2,-2980.353759765625
95,0,-2985.656494140625
95,1,-2941.6357421875
95,2,-3091.59228515625
96,0,-2965.637451171875
96,1,-3034.304931640625
96,2,-2995.66845703125
97,0,-3013.84130859375
97,1,-3008.13525390625
97,2,-3045.43505859375
98,0,-2983.891357421875
98,1,-3064.681640625
98,2,-3022.601806640625
99,0,-3099.536865234375
99,1,-3040.268310546875
99,2,-2943.145751953125
100,0,-3021.089111328125
100,1,-3080.478759765625
100,2,-3045.324462890625
101,0,-3103.95947265625
101,1,-3042.52587890625
101,2,-3034.197265625
102,0,-3075.036865234375
102,1,-3058.7353515625
102,2,-3125.984375
103,0,-3151.72509765625
103,1,-3044.047119140625
103,2,-3050.75634765625
104,0,-3166.731201171875
104,1,-3062.88623046875
104,2,-3024.5986328125
105,0,-3067.566650390625
105,1,-3145.38134765625
105,2,-3144.582275390625
106,0,-3199.902099609375
106,1,-3078.921142578125
106,2,-3059.97314453125
107,0,-3093.6552734375
107,1,-3179.32470703125
107,2,-3090.993408203125
108,0,-3153.389892578125
108,1,-3140.685302734375
108,2,-3160.640625
109,0,-3154.90576171875
109,1,-3158.4873046875
109,2,-3156.45849609375
110,0,-3148.984619140625
110,1,-3151.681884765625
110,2,-3272.47314453125
111,0,-3209.732666015625
111,1,-3192.2451171875
111,2,-3113.534423828125
112,0,-3224.094482421875
112,1,-3160.50146484375
112,2,-3162.423583984375
113,0,-3183.57470703125
113,1,-3250.4404296875
113,2,-3171.651123046875
114,0,-3202.110107421875
114,1,-3216.025390625
114,2,-3239.38720703125
115,0,-3218.7373046875
115,1,-3264.964111328125
115,2,-3148.597412109375
116,0,-3251.95849609375
116,1,-3206.591064453125
116,2,-3255.0302734375
117,0,-3255.45849609375
117,1,-3249.983642578125
117,2,-3170.41845703125
118,0,-3166.124267578125
118,1,-3327.07666015625
118,2,-3227.32080078125
119,0,-3291.716796875
119,1,-3292.426025390625
119,2,-3141.2333984375
120,0,-3299.832275390625
120,1,-3200.278076171875
120,2,-3366.67919921875
121,0,-3281.12548828125
121,1,-3238.376708984375
121,2,-3353.88818359375
122,0,-3262.816162109375
122,1,-3336.012451171875
122,2,-3248.560791015625
123,0,-3352.53466796875
123,1,-3289.528076171875
123,2,-3220.76806640625
124,0,-3346.285888671875
124,1,-3318.97412109375
124,2,-3243.7421875
125,0,-3386.087890625
125,1,-3308.78369140625
125,2,-3219.2021484375
126,0,-3345.152099609375
126,1,-3376.47509765625
126,2,-3255.778564453125
127,0,-3405.02490234375
127,1,-3293.4951171875
127,2,-3313.40966796875
128,0,-3341.12060546875
128,1,-3317.802490234375
128,2,-3382.7490234375
129,0,-3303.39599609375
129,1,-3379.631591796875
129,2,-3440.8740234375
130,0,-3358.549072265625
130,1,-3416.324951171875
130,2,-3257.271728515625
131,0,-3368.18994140625
131,1,-3453.239990234375
131,2,-3271.01611328125
132,0,-3419.610595703125
132,1,-3464.599609375
132,2,-3215.530517578125
133,0,-3354.43798828125
133,1,-3436.286376953125
133,2,-3441.25390625
134,0,-3453.516357421875
134,1,-3364.62890625
134,2,-3443.00341796875
135,0,-3454.871337890625
135,1,-3383.431640625
135,2,-3491.931396484375
136,0,-3414.90283203125
136,1,-3473.51708984375
136,2,-3430.04052734375
137,0,-3447.920654296875
137,1,-3448.037841796875
137,2,-3536.14990234375
138,0,-3477.66015625
138,1,-3511.254150390625
138,2,-3347.080078125
139,0,-3554.34130859375
139,1,-3431.05859375
139,2,-3464.208740234375
140,0,-3414.87109375
140,1,-3520.034912109375
140,2,-3656.29052734375
141,0,-3533.75830078125
141,1,-3619.21240234375
141,2,-3276.776123046875
142,0,-3411.031494140625
142,1,-3567.43408203125
142,2,-3677.6884765625
143,0,-3570.0029296875
143,1,-3471.349853515625
143,2,-3609.39599609375
144,0,-3563.21240234375
144,1,-3583.619873046875
144,2,-3441.910888671875
145,0,-3498.528076171875
145,1,-3591.65869140625
145,2,-3544.44970703125
146,0,-3593.850341796875
146,1,-3594.807861328125
146,2,-3453.378662109375
147,0,-3550.992919921875
147,1,-3623.14794921875
147,2,-3511.96142578125
148,0,-3671.363037109375
148,1,-3539.912841796875
148,2,-3503.48388671875
149,0,-3634.613525390625
149,1,-3557.216552734375
149,2,-3575.732421875
150,0,-3470.7392578125
150,1,-3721.130615234375
150,2,-3637.665771484375
151,0,-3702.46337890625
151,1,-3515.535400390625
151,2,-3661.52294921875
152,0,-3621.483154296875
152,1,-3649.3115234375
152,2,-3578.414306640625
153,0,-3775.529052734375
153,1,-3549.724853515625
153,2,-3566.9638671875
154,0,-3661.11279296875
154,1,-3706.806640625
154,2,-3553.417236328125
155,0,-3643.1787109375
155,1,-3673.005615234375
155,2,-3724.5771484375
156,0,-3621.3857421875
156,1,-3742.718505859375
156,2,-3662.6171875
157,0,-3579.7548828125
157,1,-3753.943359375
157,2,-3848.74365234375
158,0,-3738.18505859375
158,1,-3652.27490234375
158,2,-3795.58935546875
159,0,-3743.19677734375
159,1,-3678.95361328125
159,2,-3805.411376953125
160,0,-3741.6796875
160,1,-3799.464111328125
160,2,-3553.162841796875
161,0,-3711.43017578125
161,1,-3838.517578125
161,2,-3589.10107421875
162,0,-3761.420654296875
162,1,-3924.516845703125
162,2,-3405.995849609375
163,0,-3902.893310546875
163,1,-3704.53955078125
163,2,-3609.2109375
164,0,-3611.995361328125
164,1,-3900.5068359375
164,2,-3892.83642578125
165,0,-3793.7822265625
165,1,-3728.057861328125
165,2,-3936.343017578125
166,0,-3760.653564453125
166,1,-3934.53369140625
166,2,-3592.566650390625
167,0,-3882.551025390625
167,1,-3831.653076171875
167,2,-3638.89501953125
168,0,-3835.482421875
168,1,-3859.21826171875
168,2,-3730.859619140625
169,0,-3899.466796875
169,1,-3798.106689453125
169,2,-3737.60791015625
170,0,-3827.66357421875
170,1,-3796.013671875
170,2,-4036.351318359375
171,0,-3906.784912109375
171,1,-3649.937744140625
171,2,-4185.16357421875
172,0,-3735.9091796875
172,1,-3950.52099609375
172,2,-3992.6708984375
173,0,-3908.650390625
173,1,-3869.783203125
173,2,-3827.11865234375
174,0,-3845.6728515625
174,1,-3975.503662109375
174,2,-3823.5224609375
175,0,-3951.679443359375
175,1,-3887.482421875
175,2,-3833.453857421875
176,0,-3860.802490234375
176,1,-3959.850830078125
176,2,-3902.496826171875
177,0,-3897.7734375
177,1,-3916.10009765625
177,2,-3975.1015625
178,0,-4093.010986328125
178,1,-3857.734619140625
178,2,-3740.34814453125
179,0,-3843.478271484375
179,1,-4079.884033203125
179,2,-3765.337158203125
180,0,-3961.5380859375
180,1,-3804.368408203125
180,2,-4155.86572265625
181,0,-3957.93212890625
181,1,-3901.25244140625
181,2,-4010.734619140625
182,0,-3997.4580078125
182,1,-3826.59326171875
182,2,-4137.47998046875
183,0,-3934.4326171875
183,1,-3937.436767578125
183,2,-4157.923828125
184,0,-3941.956787109375
184,1,-4086.187744140625
184,2,-3900.098388671875
185,0,-3962.791259765625
185,1,-4107.9873046875
185,2,-3928.36767578125
186,0,-3964.05029296875
186,1,-4093.475341796875
186,2,-4034.32080078125
187,0,-4016.379638671875
187,1,-3982.340087890625
187,2,-4211.80615234375
188,0,-3957.5166015625
188,1,-4114.1572265625
188,2,-4063.874755859375
189,0,-4054.132080078125
189,1,-4059.238525390625
189,2,-4054.827392578125
190,0,-3975.2919921875
190,1,-4148.00244140625
190,2,-4043.829345703125
191,0,-4047.478759765625
191,1,-4093.814697265625
191,2,-4113.0380859375
192,0,-4075.081298828125
192,1,-4179.126953125
192,2,-3984.947509765625
193,0,-4072.119873046875
193,1,-4156.35791015625
193,2,-4152.58447265625
194,0,-4070.790283203125
194,1,-4004.92626953125
194,2,-4480.9755859375
195,0,-4097.43408203125
195,1,-4174.89892578125
195,2,-4125.3798828125
196,0,-4058.8017578125
196,1,-4313.97265625
196,2,-3987.093994140625
197,0,-4179.2041015625
197,1,-4186.86572265625
197,2,-4063.29052734375
198,0,-4314.50830078125
198,1,-4143.20703125
198,2,-3871.62744140625
199,0,-4075.544189453125
199,1,-4216.517578125
199,2,-4310.0869140625
200,0,-4432.36376953125
200,1,-4073.0341796875
200,2,-3932.55126953125
201,0,-4248.47412109375
201,1,-4255.0458984375
201,2,-3966.8994140625
202,0,-4314.90234375
202,1,-4128.94384765625
202,2,-4140.9248046875
203,0,-4215.779296875
203,1,-4197.310546875
203,2,-4271.478515625
204,0,-4221.29345703125
204,1,-4232.333984375
204,2,-4328.23486328125
205,0,-4370.00390625
205,1,-4031.18115234375
205,2,-4480.93115234375
206,0,-4312.01953125
206,1,-4228.9384765625
206,2,-4284.51806640625
207,0,-4130.0390625
207,1,-4419.048828125
207,2,-4266.625
208,0,-4330.34375
208,1,-4317.4248046875
208,2,-4179.1591796875
209,0,-4301.38623046875
209,1,-4260.65478515625
209,2,-4395.7119140625
210,0,-4138.654296875
210,1,-4218.0966796875
210,2,-4887.318359375
211,0,-4355.5986328125
211,1,-4305.15771484375
211,2,-4337.79296875
212,0,-4274.8759765625
212,1,-4406.9970703125
212,2,-4354.28759765625
213,0,-4347.2509765625
213,1,-4302.0166015625
213,2,-4477.13427734375
214,0,-4408.95556640625
214,1,-4315.3349609375
214,2,-4385.369140625
215,0,-4296.4658203125
215,1,-4424.328125
215,2,-4395.6142578125
216,0,-4307.07080078125
216,1,-4404.29736328125
216,2,-4443.509765625
217,0,-4399.955078125
217,1,-4454.14013671875
217,2,-4249.529296875
218,0,-4500.08935546875
218,1,-4389.7802734375
218,2,-4266.84912109375
219,0,-4386.294921875
219,1,-4357.61767578125
219,2,-4631.46240234375
220,0,-4392.65966796875
220,1,-4552.31005859375
220,2,-4286.45361328125
221,0,-4533.8017578125
221,1,-4447.1640625
221,2,-4217.44873046875
222,0,-4481.1513671875
222,1,-4468.0390625
222,2,-4333.73193359375
223,0,-4430.0
223,1,-4494.85546875
223,2,-4367.84033203125
224,0,-4505.04931640625
224,1,-4367.98486328125
224,2,-4582.35791015625
225,0,-4493.34375
225,1,-4467.4716796875
225,2,-4479.7421875
226,0,-4472.7197265625
226,1,-4483.41796875
226,2,-4508.73828125
227,0,-4499.72119140625
227,1,-4463.8623046875
227,2,-4524.0615234375
228,0,-4545.56640625
228,1,-4472.71630859375
228,2,-4511.69970703125
229,0,-4538.330078125
229,1,-4488.615234375
229,2,-4542.8486328125
230,0,-4495.6162109375
230,1,-4576.28515625
230,2,-4293.0458984375
231,0,-4508.2470703125
231,1,-4523.04345703125
231,2,-4426.017578125
232,0,-4454.734375
232,1,-4365.90869140625
232,2,-4946.88623046875
233,0,-4447.17578125
233,1,-4611.5673828125
233,2,-4618.44775390625
234,0,-4481.34765625
234,1,-4662.37353515625
234,2,-4451.1748046875
235,0,-4581.3505859375
235,1,-4569.61328125
235,2,-4560.4638671875
236,0,-4423.9326171875
236,1,-4776.51171875
236,2,-4592.96826171875
237,0,-4553.3291015625
237,1,-4520.9091796875
237,2,-4861.927734375
238,0,-4623.13671875
238,1,-4591.66162109375
238,2,-4620.6005859375
239,0,-4640.2275390625
239,1,-4575.5380859375
239,2,-4774.0625
240,0,-4757.25048828125
240,1,-4611.55615234375
240,2,-4576.447265625
241,0,-4834.474609375
241,1,-4669.93701171875
241,2,-4347.33935546875
242,0,-4799.0107421875
242,1,-4590.693359375
242,2,-4659.140625
243,0,-4699.16796875
243,1,-4641.9013671875
243,2,-4827.99609375
244,0,-4558.87744140625
244,1,-4819.07666015625
244,2,-4923.70166015625
245,0,-4744.4013671875
245,1,-4566.6435546875
245,2,-5078.060546875
246,0,-4703.36181640625
246,1,-4782.890625
246,2,-4738.91552734375
247,0,-4745.8828125
247,1,-4699.19873046875
247,2,-4932.92724609375
248,0,-4670.037109375
248,1,-4718.1416015625
248,2,-5150.94482421875
249,0,-4690.427734375
249,1,-4775.87890625
249,2,-5005.046875
250,0,-4807.11572265625
250,1,-4781.3681640625
250,2,-4846.85302734375
251,0,-4685.091796875
251,1,-4817.7060546875
251,2,-4928.91748046875
252,0,-4761.484375
252,1,-4832.5986328125
252,2,-4827.31201171875
253,0,-4983.595703125
253,1,-4715.779296875
253,2,-4521.6279296875
254,0,-4768.796875
254,1,-4684.77587890625
254,2,-4995.96923828125
255,0,-4915.8447265625
255,1,-4666.1484375
255,2,-4747.69384765625
256,0,-4794.89794921875
256,1,-4824.74072265625
256,2,-4736.00390625
257,0,-4944.509765625
257,1,-4700.66064453125
257,2,-4795.353515625
258,0,-4675.103515625
258,1,-4734.39111328125
258,2,-5375.6806640625
259,0,-4915.40673828125
259,1,-4817.03125
259,2,-4697.12353515625
260,0,-4862.787109375
260,1,-4959.19482421875
260,2,-4654.5244140625
261,0,-5003.3212890625
261,1,-4716.95849609375
261,2,-4925.82958984375
262,0,-4828.81005859375
262,1,-4874.32958984375
262,2,-5028.10205078125
263,0,-5126.09130859375
263,1,-4870.25634765625
263,2,-4476.91162109375
264,0,-4793.75244140625
264,1,-4902.85009765625
264,2,-5270.58056640625
265,0,-5027.60009765625
265,1,-4815.45166015625
265,2,-5011.58154296875
266,0,-4989.57470703125
266,1,-4995.9169921875
266,2,-4785.33203125
267,0,-4940.109375
267,1,-4914.29248046875
267,2,-5082.74658203125
268,0,-4893.9091796875
268,1,-5113.24560546875
268,2,-4889.40673828125
269,0,-4899.78173828125
269,1,-5004.98291015625
269,2,-5193.2001953125
270,0,-5094.9208984375
270,1,-4898.01904296875
270,2,-4943.5302734375
271,0,-4898.67578125
271,1,-5255.77783203125
271,2,-4689.6201171875
272,0,-5316.4462890625
272,1,-4766.98046875
272,2,-4871.17626953125
273,0,-4902.9423828125
273,1,-5138.69384765625
273,2,-5076.12060546875
274,0,-4945.76904296875
274,1,-5042.8037109375
274,2,-5249.23681640625
275,0,-4977.76806640625
275,1,-4998.93701171875
275,2,-5186.98681640625
276,0,-5244.78369140625
276,1,-4745.60595703125
276,2,-5223.55419921875
277,0,-4947.087890625
277,1,-5178.3076171875
277,2,-4918.4453125
278,0,-5053.2880859375
278,1,-4985.91015625
278,2,-5051.513671875
279,0,-4897.54345703125
279,1,-5050.28955078125
279,2,-5392.48388671875
280,0,-4964.796875
280,1,-5005.03662109375
280,2,-5378.056640625
281,0,-5046.0234375
281,1,-5150.68359375
281,2,-4929.29443359375
282,0,-5174.01806640625
282,1,-4972.22119140625
282,2,-4931.45458984375
283,0,-5052.96044921875
283,1,-5097.90576171875
283,2,-4961.72314453125
284,0,-4955.69775390625
284,1,-5336.03759765625
284,2,-4788.2138671875
285,0,-5150.9853515625
285,1,-5043.13525390625
285,2,-5011.20166015625
286,0,-5044.70654296875
286,1,-5214.375
286,2,-5089.923828125
287,0,-5087.25537109375
287,1,-5066.052734375
287,2,-5435.7216796875
288,0,-5147.67041015625
288,1,-5156.99755859375
288,2,-5145.81689453125
289,0,-5266.55908203125
289,1,-5035.8564453125
289,2,-5243.91552734375
290,0,-5120.2138671875
290,1,-5364.56982421875
290,2,-4904.45654296875
291,0,-5351.560546875
291,1,-5036.10693359375
291,2,-5202.98828125
292,0,-5298.88232421875
292,1,-5198.0185546875
292,2,-5021.2568359375
293,0,-5193.8076171875
293,1,-5084.091796875
293,2,-5503.869140625
294,0,-5210.43115234375
294,1,-5279.5107421875
294,2,-5107.34375
295,0,-5099.9873046875
295,1,-5144.05224609375
295,2,-5614.04248046875
296,0,-5225.0244140625
296,1,-5183.12158203125
296,2,-5374.9130859375
297,0,-5147.419921875
297,1,-5368.8818359375
297,2,-5151.32275390625
298,0,-5231.439453125
298,1,-5169.80322265625
298,2,-5478.77685546875
299,0,-5358.259765625
299,1,-5251.47607421875
299,2,-5194.603515625
