gene,rf_importance
VEZT,6.198218049203549
UBXN6,5.89659345283294
RPL31,5.72960974856312
RPSA,4.77380972828403
DCTN1,4.661774505185663
NDC1,4.599839360794519
ERP44,4.26306547005066
MAVS,4.240687035505534
NUP98,4.002039000671711
FAM135A,3.9406920315472953
MKL2,3.7416228388023804
RNF222,3.6413405656208684
ANKK1,3.5114849330906455
TCERG1L,3.4893331842249715
MAN2B1,3.4872957295969305
UBR7,3.470508699201617
EEF1A2,3.3879362757902287
FOXJ3,3.3828879412779793
UNC45B,3.3824177946227145
NDUFAB1,3.2764582895600767
PIGU,3.2646203361324093
ARID4B,3.234300018275311
C11orf63,3.1687230710655947
NNT.AS1,3.1614354101610846
NELFCD,3.1610957133339976
GHR,3.1112821975303486
CHGA,3.109046325010446
RING1,3.064580088825878
CLOCK,2.945970040042789
TUBGCP4,2.9131677982088156
ABCF3,2.9036813068234206
MAP7D2,2.8862754692762174
TSPAN15,2.8558518251487914
PHF13,2.815765019292396
ST13P4,2.792143103273223
KIAA0101,2.789377501530651
MESP1,2.713559941713707
PDCD1LG2,2.7105167986258865
RPL23A,2.6933316628768718
PSMD12,2.691920035718971
CDC42SE2,2.6477811244572784
ANKMY1,2.617141858654709
PREPL,2.6004323743645177
CLIP1,2.5555714483887817
GAR1,2.544600389285045
PLEKHD1,2.533270958512503
GNB2L1,2.5074930829912434
ANKRD12,2.442358405992443
HECTD2,2.4420261865222828
CRKL,2.383983239780159
TNIP2,2.3432391082172264
DCTN1.AS1,2.3397746171346645
PCNT,2.328093106344288
PPRC1,2.3093198321167803
RPL10L,2.2881538931156125
AP2S1,2.286282580414024
HEXA.AS1,2.272836622510276
MAP3K7CL,2.255215940821539
ICAM4,2.243845916994324
MIAT,2.2416569670507402
CORO1B,2.2159614654049617
AKT1S1,2.173158684546057
CHTOP,2.1660098792059124
RFX6,2.1557898410584895
RALGAPA1,2.148785259462779
PITPNA,2.1422409140942653
NAP1L2,2.068817248617494
PFKM,2.0614424496267545
TMC1,2.0442401616014756
ATP6V1G2,2.0424898807350678
CUL5,2.031135695164167
LRPPRC,2.0212066923791583
DDB2,2.003788151118438
TSNARE1,2.003127423243318
PHF21B,1.997917774804737
UBN2,1.9919277017619643
SERINC4,1.9797184441804125
ABI2,1.9700297598909777
CBX3P2,1.9591741448731188
UBXN10,1.9522558549796527
RBM17,1.9502236219502682
TFIP11,1.9400595620044783
MDK,1.9303537137683418
TMIE,1.9241919662745608
HNRNPR,1.9134615047849195
ZFR2,1.9126918994241564
PPP1R9A,1.877712652085296
ANP32C,1.8762360433311487
PSMC3IP,1.8682340300720985
NUP35,1.842871570495562
KY,1.815839489200464
USP40,1.7861735992824996
GOT1,1.7853976899161608
PSMD4,1.7783443508262795
PPP2R5E,1.7742692358290995
MRPS28,1.7713137499345273
PWWP2B,1.7691521634133975
GGACT,1.7614606408260816
SSR3,1.745319809953678
FAM65C,1.7450493683554407
PGK2,1.7382707434167706
GLG1,1.724482150388015
EIF4G2,1.719122436292004
C14orf164,1.7087420429238214
PURA,1.7020927280371139
CNTROB,1.699772209755175
PRPF3,1.6819404533478304
PEX2,1.669518610910924
UFL1,1.667029955663636
MAN2A2,1.6662599280453265
MAP3K3,1.662371900797571
MRPL30,1.6559951485480335
CIRBP.AS1,1.6448600054775366
SMCO2,1.6446501959953932
EIF5,1.6435585848304397
RPL41,1.6423302521266123
BARD1,1.6397098202807021
PTPN11,1.632879866898136
OPA1.AS1,1.6254274829876705
ARHGEF25,1.6153998898084825
PPM1H,1.610971607793285
ATP6V1E2,1.6065635409978853
HDX,1.6062695003631802
SMUG1,1.5988246914506052
AP1B1P1,1.597964802730684
TUBGCP3,1.597275828765133
AMDHD1,1.5903662479615803
PCNA,1.5841211804971005
CALCOCO2,1.5672393701019178
MARCH7,1.5648527257160267
TRIM39,1.5436980223489745
CHD9,1.5292400016351269
TLN2,1.5224732817190634
DCAF8L1,1.5093005151777552
DCAF12,1.5064471357094897
GIMAP1,1.5048605502928716
MAPKAP1,1.5026698814092054
BUD13,1.4971647982235894
FBXO8,1.4873794651521843
MAPKAPK3,1.4772599581686559
PHF20,1.4706035972932927
ATF7,1.4664004356443783
IPO9,1.4613921820864477
SEC63,1.4549401638706665
ARHGAP31,1.448378791327301
TRAPPC12,1.4444841894666707
PCBP2.OT1,1.4429557387925025
RPS25,1.4358658200780476
RTN4IP1,1.4355632735747306
EIF3L,1.426958077934084
SERF2.C15ORF63,1.424727738264526
NEK8,1.416236041432385
FAM208B,1.41437204294417
ALDOB,1.4036570881690438
RBMX2,1.3997076957802579
MAP2K2,1.398537197531107
SEPHS1,1.3977738323025122
LIME1,1.3924034795824887
NPFF,1.3914034097329073
FLRT1,1.3847206809337604
BNIP3,1.383370275683039
KHSRP,1.3692052604166765
AURKA,1.3678968178907565
ATP5G3,1.3666316014998001
GSK3B,1.362943296256711
ATP2C2,1.3548314816935076
NELFA,1.353323542666062
ANKRD44.IT1,1.351239715576285
FBXO15,1.3511338230643608
TAOK1,1.3510210567449208
GPN2,1.3456338058941257
IDUA,1.3451311223948654
BIN3,1.3430943388966483
EIF4EBP3,1.3407645914979538
NENF,1.339069183733646
PIK3CG,1.3340625488578495
DDX28,1.321491789737676
ESYT2,1.3186456719113822
GPATCH3,1.3153283345258722
UBAP1L,1.3118353862468193
EIF2AK2,1.2859593793805537
PBX1,1.277612615348966
USP24,1.2748086712244486
COBL,1.2710117542074242
ITM2C,1.2679302657212788
WWTR1,1.2635629433148348
GORAB,1.2616050882264358
CDK14,1.2568316207873702
BCDIN3D,1.2559995530041852
KDM1B,1.253294516842723
LARGE,1.250764286958513
APBB2,1.248558357087052
TCP10,1.2482974659390143
WDR52,1.2366890628213576
GTF3C2,1.2315902763826956
MTCH2,1.2263125386872995
LINC00658,1.2244577078619245
MYL12B,1.2193745589063727
UBE2I,1.213391324245869
C17orf89,1.212590709275999
POLR2F,1.2081809350037378
MIEF2,1.2077752175473273
RBM24,1.2037519364793423
EPC2,1.1848881945749743
CAP2,1.1654619643195565
GNAI3,1.1650394372814679
FAXC,1.1647524540041416
TAF4B,1.1608091492079837
PITRM1.AS1,1.157779212722011
VCPIP1,1.1523250819970465
TXNDC11,1.1484682186230082
SLC39A8,1.1482675067261305
ANAPC7,1.1465146393985066
PCGF6,1.139159088412338
ARPP21,1.1289405230669347
SSBP2,1.122391383704634
SF3B1,1.121270624813401
IKZF2,1.1187835371151609
PRKCD,1.1167535704795835
IRF2BPL,1.1162923989175804
NUP210,1.1162414776923841
TIPARP,1.1091163961716621
ELOVL6,1.1072253617187309
NOP10,1.1048081101493203
ARRDC1,1.100578513321018
SPOPL,1.0998900525547042
CDC6,1.0966142198150284
KAT2A,1.0943998173265554
USP4,1.0892936232284622
PPP2R5A,1.082395667580579
GTF3C1,1.0715094490496833
ATP6V0E2,1.068824209501662
RNPS1,1.0677292302629213
RNF115,1.065670376282652
UBL7.AS1,1.065252635164183
CRCT1,1.060085530974903
NELFE,1.055588416032201
DDX60,1.052413682724088
CIDEA,1.0468881017511211
MKRN2OS,1.0395403532135508
CAPNS2,1.0370793120910307
HNRNPU.AS1,1.032399398562528
TIAM1,1.028555929391956
SLC35A5,1.0197838871200529
PSMC5,1.0123204958985594
PRRC2C,1.0107470092335284
RBBP5,1.0069317878396544
HDAC10,1.005389058179868
POLE4,1.0004774503554503
N4BP2L2.IT2,0.9967107814329775
PSPH,0.995975726476431
DCAF11,0.9901393345785331
HNRNPDL,0.986750741955319
TRPV3,0.979889417019595
PAPD5,0.9741725303007766
SRCIN1,0.9660520494557913
CCT5,0.9653704307423663
CLSTN2,0.964636459614221
DIABLO,0.9645942569914958
RIPK2,0.9641273808918214
NRBP2,0.9621947037262227
DNAJA3,0.9615478767537888
ISX,0.9552255737777964
SIL1,0.9551332720547181
PPP2CA,0.9528921430393237
CASC4,0.9524314016497818
PLS1,0.9524090710467811
ADARB1,0.9522233118488982
FIRRE,0.949124995710318
RAB5C,0.9447114620446495
SCAF8,0.9407497673382019
TPT1.AS1,0.9340646418114534
GOSR1,0.9314238497769112
VDR,0.9264485974404444
COPS7A,0.9163505826540254
BTF3P11,0.9157149339499155
ASCC3,0.9152760685496304
AP2M1,0.9092277478235548
EDDM3A,0.9088571797484669
CLPX,0.904973857044836
SFR1,0.9022912669110789
ADNP2,0.9015879059142419
IQSEC2,0.9007128288303465
ADD2,0.8947778952631412
LRRC42,0.8944827522704776
WDR86,0.8939254350731168
CMTM4,0.8892166621094869
WAC.AS1,0.8882520096247086
DNAJC5B,0.8872732975687764
PUM2,0.8725419086218988
INTS4,0.8688434056650733
NUGGC,0.8682772407830871
STK25,0.8643458543193354
STX6,0.8544592365027595
TMEM87B,0.8525109370702036
CIAPIN1,0.8522999825014512
AMZ2P1,0.8493275237898802
SENP7,0.8489186099395116
UBQLN2,0.843998035624357
WDR34,0.8437355495671532
ADPGK.AS1,0.8435497488733024
EXOSC2,0.8408875111538513
HSP90AB1,0.8406703150363369
TMEM44,0.8403668238898663
RPS6KA1,0.8392848944198759
LETM2,0.839207694679278
CAND1,0.8380860468637027
ODF2L,0.8341999629580681
PRRG1,0.8312174049384008
AIFM2,0.828858914168408
OTUD5,0.8245750616295796
TBC1D3,0.818135024673396
ACTR10,0.8162270827851869
VTN,0.8142719472422237
RPS3A,0.8141706193133437
CAP1,0.811896415435309
ADD3.AS1,0.8114413758422666
PTDSS2,0.8110259176582583
DLEC1,0.8044021646259297
MSL3,0.7995177569611489
AKAP11,0.7982643738670653
CLIC2,0.7956941191769404
ARPC5L,0.7949102096917374
UBQLN1,0.7934682888384595
PBX3,0.7864704368968399
BRDT,0.7863251235208102
PCBP1.AS1,0.7845380070290913
FAM35A,0.7842748121258636
DDX23,0.7842737212263898
NUMB,0.7822116611902762
TACC2,0.7815191907737483
CLK4,0.780719098359996
REV3L,0.7785908273843573
TRAM1L1,0.77678152083636
MYO1G,0.7760721667142639
TBCA,0.7749101192344953
VPS4B,0.7729802509817273
CMTR2,0.7714351289959235
TRPM8,0.7704404837304832
SCP2D1,0.7668858858467739
RPP14,0.7584915928741446
ATXN2,0.7584102189993197
PROSER2,0.7580395617425191
PDHA2,0.7579895471792006
DIAPH1,0.7549144962553088
DDX25,0.7518137273506861
CNOT3,0.7491040844838837
KHDRBS2,0.747102756003543
RABEP2,0.7430804444274035
KIAA1024,0.7388754773614881
SP110,0.7364120507747353
AP3M2,0.7361176203048724
STK17A,0.7341938621419652
PIGT,0.7333796103971361
MRFAP1L1,0.7330759930866316
RPA2,0.7291177032883037
COG3,0.7289367694013755
DXO,0.7230711617655905
IPO9.AS1,0.7173777038024388
KIAA0391,0.7128387019083099
POLDIP3,0.7098306683951543
DDX10,0.7089075940541
DCAF6,0.7059211583885789
SHMT1,0.7024494292948705
TAC1,0.7009222974446055
INPPL1,0.696821107328342
SRFBP1,0.6954073691827437
SUGT1,0.6938790285379625
ELN,0.6888029547547388
ATP1A1.AS1,0.6882499984518778
MLLT10P1,0.684211621915532
PTBP2,0.6827250931277329
AP1M2,0.6806252931493557
CTNNBIP1,0.6756787054348442
SNRNP25,0.6715571588407412
DGCR5,0.670053387379117
GDNF,0.6621014317249352
SEMA4F,0.6521091883191186
C16orf74,0.6507793775334713
C14orf169,0.6488871130872255
MOB3B,0.648348413614825
VRTN,0.6467470424915964
TERT,0.6429461466814778
R3HDM4,0.6357509451624347
RASSF6,0.6350528973782859
KLC2,0.6300861036408957
MAN1B1.AS1,0.6299104945271387
CALM2,0.6287119205860386
TMA16,0.6267393830593824
HNRNPKP3,0.6262316497065845
GABARAPL3,0.626146822883879
TMSB15A,0.6251718864618804
IKBIP,0.6153853483706255
PTPN7,0.6143842080222544
PPP1R12B,0.6139525053166622
GPR110,0.6099568219153778
FOXK1,0.6089655432671425
ACKR1,0.6070061166684846
IL17A,0.6059366190718211
FAM169A,0.6049644265806735
PPM1B,0.6027232516231298
OSBP2,0.5932334797874861
PCGEM1,0.5930670654964812
PKMYT1,0.5928380502586061
PARL,0.585613313238953
DDX18,0.5828036959989226
POGLUT1,0.5737525831877998
NFKB2,0.5728917967628571
RCCD1,0.5722076947308176
YY1,0.5697635078018485
CHUK,0.5675816806584173
FAM104B,0.5661559264416839
TM9SF3,0.5593810543598919
ASIC1,0.5585799080806962
DNM3,0.557681588823573
CTDP1,0.5526694845634287
PHF21A,0.5516563619838315
MLXIP,0.5515492375734131
UBE2Q1,0.550344968098939
TUBB1,0.550330515760072
TMEM30B,0.5471829837913817
ZNF664.FAM101A,0.5467267356303185
LCT,0.5434175873285834
RBM5.AS1,0.5429148746082819
MTERF,0.5420324023174335
ITGB2.AS1,0.5417424537375025
RPS16P5,0.5417035704212916
ARAP1,0.5410562051492734
PSMD3,0.5399779484032373
GOPC,0.5387583858549602
TMEFF1,0.5379921250211178
UBE3D,0.5377618064427989
PPP1R10,0.5301329396238991
TMEM59L,0.5293833542300221
PABPC4L,0.5289144788671298
SRSF8,0.5265562145912714
PDS5B,0.5243174168355417
TPD52L3,0.5226944985652145
ZDHHC6,0.5212038199251409
RPL6,0.5203526219857777
PSMD10,0.5201442194005579
P4HTM,0.5198399384114929
INTS12,0.5196096481929228
PITPNC1,0.518126272912765
HNRNPU,0.5146280160961128
TMEM215,0.5134828696566336
TAF1A,0.5115596959541854
PHGDH,0.5112559890961346
WDYHV1,0.5110124408176389
PTMS,0.5090879902000132
WDR83,0.5022954283331499
CBFA2T3,0.4974699035410946
ELOVL2,0.495335048796102
PRDM4,0.4948215748198672
AK3,0.4873832327934223
IP6K2,0.48717475096973484
UQCRBP1,0.4855515212746791
MFGE8,0.4842056543981551
ACBD4,0.4837732831483155
DENND1A,0.4826414473741429
NDFIP2,0.4809910243525363
ATP6V0A1,0.4808138235058702
HSP90AB4P,0.48047395174411345
MDH1B,0.4799912059574344
KIAA0195,0.47973970401196975
FAM205A,0.4791173299160588
SUCLG2,0.4749080951059056
GSPT2,0.4744412446580823
YLPM1,0.47175865181531906
DGKE,0.4712472421036028
MCM3AP.AS1,0.4707481142700959
SMARCA5.AS1,0.47050497028792976
DEPDC1,0.4676779777257473
ATN1,0.46696568132979477
SETDB2,0.46631217434534256
CCNT2.AS1,0.4641417156076093
MATK,0.4581446933376136
TM9SF1,0.45617337755972304
ENOSF1,0.4557735404112246
ETFA,0.4549103245031178
COG4,0.4498960259737969
IMPDH1,0.4472476945523042
TRAPPC11,0.4458485115333571
EGF,0.4431923953297581
GCNT1,0.44306375806534076
CDK13,0.43839513829132054
TCIRG1,0.43767772821690165
MAEA,0.4339245123869397
HIF3A,0.4331450256541446
XRRA1,0.4308020564109454
ATP5B,0.4274427578369975
TOP1MT,0.4236924576455423
CRTC3,0.42120568760539784
PTENP1,0.4179276956551994
RAP2C.AS1,0.41622198192498916
GBGT1,0.415340613546042
EIF3F,0.4071046269766168
GM140,0.4050595712237028
FDPSP2,0.4032524704112724
SRPK1,0.402296047308917
ABCF2,0.40180051830581204
HEATR6,0.3996118136307952
SF3B3,0.39834031235524836
ZSWIM8.AS1,0.3954102822319929
PRR14,0.39520942794528685
FLII,0.3928970211647549
SEC14L1,0.3928536367645598
KDM2B,0.39165894960849473
CARD9,0.3883598949991628
RBMS1,0.3875838237137299
TM9SF4,0.38669383768507676
PATL2,0.3859608887005274
ATP5S,0.3830419579141734
GOSR2,0.3804647580197165
LDHAL6A,0.37970949986972896
SETD3,0.37813931781260807
PRCD,0.3735026554099499
ACAD11,0.3721134102714078
CCT6B,0.3696962979264711
PPP6R1,0.3695783631106896
STAT4,0.3687064538714633
PTPN12,0.3653915584596102
TMEM204,0.3639668878064164
OXCT1,0.36304825100052535
RBM26,0.3629166018100242
HNRNPK,0.36160415565547344
NT5C3A,0.3597010275888469
ENO1.AS1,0.35834831877601636
BRD7,0.35808733959075034
BLVRA,0.35669411500107956
POLR2H,0.3563477815522142
SLC30A6,0.3555807860687113
GTPBP10,0.35489319133456987
ARHGEF10,0.35239745611077283
HSPA6,0.3522585671600282
MFNG,0.35221995459766847
COPS6,0.35212985620351345
KLF3.AS1,0.35121632468610264
RERE,0.3462839370008488
CHD1L,0.3460425662223917
TCF3,0.34533238682410256
PPP2CB,0.3450340704482035
RHOB,0.3446225805264259
TMEM132A,0.343743704353471
SAP30L,0.3434531907535905
TESC,0.343398300510136
KDM4A,0.34020883622373993
COPB2,0.34004372432494684
ARIH2OS,0.33725967992937844
RYK,0.33561046011230894
MRPS6,0.33468088259834866
ACAP3,0.3332270420598578
ZC3H12A,0.3325456216266715
SRPRB,0.33194793137561246
WDR11,0.3318872277447187
KPNA5,0.33094440318063056
UQCRFS1,0.32942450669065215
RAB5B,0.3282758215478762
DNAJC15,0.32706137518616557
TRABD,0.3220656294495499
PRR11,0.32009474593825576
ADCY8,0.3186842956689522
RABGAP1L,0.3178509993528491
PRPF39,0.3174645292086583
NSMCE1,0.3155245173101835
C10orf55,0.31483831558319375
CKAP2,0.31278305596345196
CAMK2N1,0.30858149915665445
YBX2,0.3077680907762495
EID2,0.30631555888756345
MAMDC2,0.30512470107409345
WDR49,0.30431810203216014
DNAJC11,0.30422274920273634
MLH1,0.3019846990262441
NDUFA11,0.30173618411360176
SART3,0.29967024055693364
ARHGEF3.AS1,0.2994180919455219
RNF112,0.2992494669696567
NUP188,0.29656256877527487
DDX51,0.2941501910046122
SF3B4,0.2940275311349117
CAPRIN2,0.29231761058349537
GIF,0.2919994454842908
VPS28,0.28700422194480146
WHSC1L1,0.28117889361440285
GART,0.27946049094020375
PTCD1,0.2782086777112422
TNRC6B,0.2764559343300243
MYL1,0.27374632641263924
PSMB10,0.2715402567184337
PRKAG2.AS1,0.2710199962809876
LMAN2L,0.26919398057792704
GRK7,0.2679574239871907
SNX18,0.2677089487835351
ACTR3B,0.26504460356116233
TBL1Y,0.2629950617387376
PSMG1,0.2613061427190356
KCTD19,0.2606230085037014
CHD4,0.2599791637424712
MAN2C1,0.25869208754108985
SLC10A1,0.2563028643937362
CTDSP2,0.2530823763926312
RBM23,0.2516035684905255
LRAT,0.24931555418573556
LBX1,0.24913706025902801
PPP6R3,0.2482426355128223
SNX10,0.24421928128503384
SLU7,0.2394512036555615
CCDC116,0.23693777356964657
PSMB9,0.23583293480537934
FBXO2,0.23388508155791843
SIN3B,0.23343000119334834
RBM12B,0.2332931753249162
YTHDC2,0.23202418639416994
SPDEF,0.22677662890837966
SCAMP4,0.2259789434340653
RPS21,0.22561309617351646
POLR2D,0.22500407589944435
PPP3CC,0.22081753889780176
EPS8,0.2205704877861386
CUL2,0.21977831219023225
SEC24D,0.21443957761121252
PTPN20B,0.2138575661175059
STAMBPL1,0.21297377367475057
SPR,0.21140162980536228
STX16.NPEPL1,0.21108811757880463
YY1AP1,0.20566195204548818
HNRNPC,0.20543966477802753
ATP2A3,0.2019334020342223
POLR1E,0.20166401325523195
COX10,0.1965393693867393
UBA5,0.19592829406778803
ILKAP,0.19581886464988688
ACMSD,0.19269497326267887
RNF168,0.1923466001860241
TTC18,0.19154606476813396
RAD21.AS1,0.1892407796973791
NFYC.AS1,0.18805873404667328
PWP2,0.18124728727671346
ABCG1,0.17781234921681224
EIF4G3,0.17727887442660734
GMPS,0.1756985636095273
TNFRSF10C,0.17493061972950952
MORC4,0.17481054359389914
FBXW4,0.17306108828674596
SPG20,0.17042782819590743
SEPW1,0.1691567869470163
UFSP1,0.16450421503804913
INS,0.16316581387277693
IYD,0.1579676649835585
ZNF76,0.15787613556202995
PSMB3,0.1545540957904462
WASF3,0.1544578538393804
RAB36,0.1541424043959476
DDX43,0.15393131890146527
FBXW12,0.15186003985426555
YIPF4,0.15097884962197708
C4orf32,0.14907727128734397
KCTD20,0.141992318384473
SH3BP1,0.141575795477209
COPG2,0.13551932774806727
MPHOSPH9,0.132410198122425
PRPF8,0.13079719350424504
IL6ST,0.13054436865260327
PAPOLB,0.12907299469538452
ATF5,0.1289719349701186
COMMD8,0.12828035258824766
TMEM174,0.12564012108537082
CHPT1,0.11645360364758221
USP8,0.11544047510284931
KIAA0319,0.1139759345667197
CCNI2,0.10980605060620476
MYL2,0.10967604470053521
CD79A,0.1095975763098819
FGD5P1,0.1085251649325518
EHMT1.IT1,0.10719670681370135
DNAJC8,0.10614878890500909
RAB20,0.10492835738819198
SSSCA1,0.09952402342382484
DDX19A,0.099404963580298
LSM14B,0.09820641786005788
ANKH,0.09733386791100544
PARP1,0.09632583848769695
ADSS,0.09482828441477098
BAGE,0.09425580889769913
POLR2C,0.09395335177281187
PSMB5,0.09324141125637392
EIF3E,0.08971387493456685
RBBP7,0.08819806295584796
CLIP1.AS1,0.0876196207234329
DRAM1,0.08760050482389377
SMIM13,0.0862308477363066
HNRNPH1,0.08556870513151052
YTHDF3,0.08432140339871075
PSMA3,0.08292920123974534
FYCO1,0.07795802374450532
KANTR,0.0740824263061544
ZDHHC4,0.07304058017272345
ARMC9,0.07266596134203708
CLPTM1L,0.07221660046160011
TP53,0.07170501866839307
BRAT1,0.06976063450125757
RCSD1,0.06966622299707814
TMED10P1,0.06818431878762057
RNF125,0.06715418806740799
DAPK1,0.06252238968119707
FLNB,0.05910536590085944
C10orf82,0.05758036901866725
PPP2R1B,0.05355431282695007
PRPF40B,0.052975754850325324
C7orf31,0.05147061208773863
TOR1AIP1,0.05095643746523003
TRIM45,0.047113784373086616
UBE2NL,0.04629955962317112
MAST4,0.04563619923463877
RRAD,0.040777905372215185
AKT3,0.03862782882026216
THRB,0.0377700273697407
HDAC4,0.03715847375208072
ARID1B,0.035294133875697006
PSMD8,0.03266647275767934
SMC1A,0.03228516549689683
URM1,0.031760817207080315
ARFGEF1,0.027789443657447174
DNAJC9,0.0275526088910251
HNRNPA3,0.027388653881867786
SASS6,0.02476748060671418
CAPN10,0.02336961083387946
PRPH,0.02236926586586858
HCN1,0.021389476841877694
PSMC3,0.019681246473565037
H2AFX,0.015645757589572467
CD55,0.01541120280988911
TRIM29,0.015017624067525472
DET1,0.014436257703170346
SMEK2,0.012598335093293665
TGS1,0.011622522296416868
LARS2,0.011353186368591018
ATG9B,0.009990632093673305
FES,0.00840086457760969
NUP155,0.007550070284163495
AGA,0.005009869715757558
RAB6A,0.004444460665586652
RAC1,0.00106899342745027
PPP2R5B,5.748969339491618e-5
CBX2,-0.0014074392374087822
HMGXB4,-0.0032234765499248876
CTDSPL,-0.006618976657950755
L3MBTL3,-0.009517829957664157
PPIA,-0.011345673755054483
TMED6,-0.014560660118680797
STK4.AS1,-0.015356893350603912
SUZ12P1,-0.015703997387117814
CDKAL1,-0.02176484726767368
STATH,-0.027915197524625776
NAPA.AS1,-0.029046883689857275
SURF6,-0.03064155523527805
BRD4,-0.03209885133894857
HADHB,-0.03752131886463931
KLF14,-0.043723534414217925
FLJ10038,-0.043928992096935376
ACSS2,-0.04399124297892922
APELA,-0.04420253163990043
SASH1,-0.047431803819067746
UBE2J1,-0.04785100824111343
SIRT3,-0.049049341931272805
CELF2.AS2,-0.050469054874758605
RPL26L1,-0.05212985515650669
ATP5G1,-0.054937645699813464
LSM2,-0.05571298592362113
RPS12,-0.056290409569637816
EEF2K,-0.058853784653414516
TNR,-0.06033998465295641
NAA60,-0.0605309764486937
LRRFIP2,-0.06294707791243788
CRCP,-0.06428838678294747
SP140,-0.06842883199511762
BECN1P1,-0.07475777184391484
DHX29,-0.08352574553190208
CD5,-0.08462614584009863
HMHB1,-0.0848509285594324
HIATL1,-0.08579475438197126
SP3,-0.09040608552174653
PRNT,-0.09278327744853704
ZC3H7B,-0.09327148380729698
GOLGA2P2Y,-0.09585517779730311
SHC2,-0.10095572395059271
MAP4K5,-0.10642308576736885
SHISA6,-0.11084891443917723
ERGIC2,-0.11587639979275795
CCDC94,-0.12336571039433523
IFNB1,-0.12459124734309988
EDC4,-0.12502858585719212
SF3A2,-0.13076232916218766
GNB3,-0.13220471775943135
DIAPH2,-0.1329588465451271
DYRK1B,-0.13361181748506804
TEX264,-0.1346655501612337
USP34,-0.13647418706059308
NELL1,-0.1369363257931352
MAFA,-0.141100858720123
NPM1,-0.14434694487500502
ARRDC3,-0.1495324839271975
RRP7A,-0.1507632910350346
USP49,-0.15109214680022284
PRDM5,-0.15179529664729458
RPN2,-0.15348666195353253
USP11,-0.1540172841230685
CCNDBP1,-0.15445319808517657
SERP2,-0.1551645716813491
HNRNPUL2.BSCL2,-0.15549504917707746
SORBS1,-0.15618864872659002
TYMP,-0.15935458031963795
IPO5P1,-0.16008266546524882
EZH2,-0.16076611817743103
NOM1,-0.16397411387232186
ACP2,-0.16590768478899487
BTF3L4,-0.16632903659974438
CLTCL1,-0.16648292942533718
TMBIM4,-0.1676310277017929
DDX47,-0.16788178196149411
SMARCD2,-0.1706665241945046
CARS2,-0.17144120254697032
AAK1,-0.17314591090814244
ALAS1,-0.17713232292323577
NMT2,-0.17968525508566605
RTDR1,-0.1820092742068897
EIF5A2,-0.18227366270390674
YWHAE,-0.18274505294914772
MBTPS2,-0.1842371419636744
KIAA0513,-0.1857940091340488
GNB1L,-0.18659941983364312
MTOR.AS1,-0.18740595051859613
OSCAR,-0.18860577881958143
PFN1P2,-0.1886233510254782
GANC,-0.1907873770615535
DHX40,-0.19296253269165053
TMED3,-0.19608330231626567
CNOT10,-0.19818842478539522
GTPBP3,-0.19822503574578015
SRP14.AS1,-0.1987393101648669
LGALS8.AS1,-0.19955619014598777
N4BP2,-0.1995965484787798
SUPT7L,-0.20201175489321382
LAT,-0.2031888528097643
FAM78B,-0.20352027897972333
CCAT1,-0.20556484001658332
PMS1,-0.2078713555024797
HMGN5,-0.2141841409158818
ARFGAP1,-0.21464860900543473
ZNHIT1,-0.21538165470699608
C19orf10,-0.21606082588431955
TMCO2,-0.21826718182110696
ANXA13,-0.21905014478730392
PDCD2L,-0.2201945021947867
KDM3A,-0.22069064502783375
EMBP1,-0.22753783163471009
DCPS,-0.22870685544178745
CNOT8,-0.23198232594805238
FTLP10,-0.23331672515361698
RSL24D1,-0.23565161178093488
RELB,-0.24050304452448257
TRAFD1,-0.24075919160748832
QDPR,-0.2410998109734204
BAZ2A,-0.2458337220146817
DENND4C,-0.24675479208493414
NDRG2,-0.25079418596707315
BRD3,-0.25479612797296486
PTK6,-0.25560043107185676
GTF3C4,-0.2610193679107711
ZNF248,-0.26273597701893103
UACA,-0.26382096251102843
SMARCA5,-0.2655030388774835
DHRS7B,-0.2699327986349019
KIF5C,-0.2721788632873451
DAZL,-0.27316258248204184
METRN,-0.2746723391409919
EXD1,-0.2761342787917155
SUMO1,-0.2764346328488709
HSPA4L,-0.27941666595969866
KLHDC2,-0.2797657396483124
FAM120AOS,-0.28359005745530885
TAF1,-0.288729668271598
MTA3,-0.29198472352608784
CALCR,-0.2932115225581547
MARK4,-0.29413636368138185
XRCC6BP1,-0.29432082687586864
RPL17,-0.29448521379121523
EIF2S3,-0.2966259937267634
WDR38,-0.29700030542521005
SRA1,-0.2988845694515764
ARL6IP4,-0.3006398642919119
PAK3,-0.3009179958063129
RNF216.IT1,-0.3022697251526096
IVD,-0.3023620678301148
SETMAR,-0.3064077590472012
STL,-0.3096164837572981
NIT1,-0.31047335696443656
NUP50.AS1,-0.31103031825913813
SMARCD1,-0.31124823487389525
ARIH2,-0.3142634693276933
RCVRN,-0.3143357593387752
GRK1,-0.31443408485299246
SPATA13.AS1,-0.3154629693483792
ARF3,-0.317321705578747
VPS37A,-0.3175976155369252
DDX50,-0.3192986620203851
FGFR2,-0.32035567711329394
GML,-0.32386830391180915
DESI2,-0.3239926658972089
ZFP91.CNTF,-0.3249705168178722
UNC45A,-0.33559286341438516
SRPK3,-0.3370465467410985
ANKRD13B,-0.34352932155982113
YWHAZ,-0.3438631161542338
ENTHD1,-0.35045054149728994
THOC3,-0.35387058880959876
CTCFL,-0.35564158003496105
SUPT20H,-0.3566600261650655
AP2B1,-0.358369668561698
ACTBL2,-0.35995388669530204
CDC42BPA,-0.3604743827241424
SERF1A,-0.3620393828124452
UBE2D4,-0.36464180192105167
NUDT1,-0.3679251555560044
PNKD,-0.37054912858268335
PTGES3L,-0.37147674408430353
PDCD6IPP2,-0.3715455076032547
MCHR1,-0.372993600777195
AIM1L,-0.37584552901135954
UBE2D3,-0.3769049062749906
TXNDC15,-0.3788508646217215
FTX,-0.3823522957483231
CGN,-0.3834597402610498
KIAA0226L,-0.3864720203254028
GRTP1,-0.3870575167892773
PIP5K1B,-0.38706214146219675
MTFMT,-0.3918056732666278
NCBP2.AS2,-0.3946292448942348
RALYL,-0.39605546567660654
EMR1,-0.39971913853497976
MAU2,-0.40173621681620125
RPL37A,-0.4039651366056017
IKBKE,-0.4039886805062431
MED25,-0.40399252015803233
EIF4E3,-0.40427863119132273
TMEM231,-0.4055638589430217
TBC1D15,-0.40588863039439116
ZMAT3,-0.40678636099782034
SNX30,-0.4090263237216516
CCDC23,-0.41021255249283844
USP26,-0.4102156283208776
ARF1,-0.41043569640710303
HDGFL1,-0.411453528173334
ZNF414,-0.41172520268520396
DLGAP5,-0.4118967735792208
HMG20B,-0.4140137718587796
KBTBD3,-0.41443878949918805
ATXN8OS,-0.417338786185015
PRPF38B,-0.41785718602368754
PIP4K2C,-0.4180320820376085
KPNA7,-0.4182458995062122
S100A5,-0.4195280102866947
MFRP,-0.4211858076611389
PSMD9,-0.42142391900061543
C6orf99,-0.42190516170962916
STK38L,-0.42239972991582936
C1orf50,-0.42264248349509
CD38,-0.4238578534031066
MAML2,-0.4248985661884854
SMARCC2,-0.4279441806799703
TFDP2,-0.4288462510042857
KIAA0355,-0.4291453811793567
UPF3A,-0.4303071846661456
IRF2BP1,-0.43084308738111876
OCIAD2,-0.43156062144122154
BMS1P17,-0.4318276331182159
NHS,-0.43269098739941014
TMEM50B,-0.4341066044029286
PILRA,-0.43450307660618315
SNX1,-0.43742551037656763
RPS6KB2,-0.4375846967249049
FYTTD1,-0.43810498506905465
CSE1L,-0.43836651395430837
ATP5H,-0.4422488025707368
WISP1,-0.44520468974238936
GNAL,-0.44526250495335723
WSB1,-0.4458450145977377
SND1.IT1,-0.4459262443833024
U2SURP,-0.44686725101569885
KPNA2,-0.44876532697318255
AMH,-0.4508661819079336
CASC5,-0.4513605585910595
GATAD2A,-0.45717313054015496
RAB6B,-0.4572145759302237
RAP1B,-0.458773001986817
SMARCA4,-0.4610815356314351
SH3GLB2,-0.4611326288052143
NAAA,-0.46140707980712814
LRRC48,-0.46141677281727916
RANBP3L,-0.4648079210037535
AGPAT9,-0.4649625439095684
PRKX,-0.4667931078455038
GLT8D2,-0.4681391533895122
AKNAD1,-0.46868803447421237
NARS2,-0.46870463265998136
RPL18A,-0.46870779126725903
NAP1L5,-0.4731481828172613
CHMP4B,-0.47365174903783147
ATP5D,-0.47804917022716414
MAP3K5,-0.47897021343337864
DDR1,-0.48384137621951256
OSBPL3,-0.48698595502465913
CCT8,-0.4869938480270146
GNL3,-0.48804752619098185
NCOR1P1,-0.48825746374570356
ZNF318,-0.48890001478608874
GNPDA1,-0.4891036651863046
SELT,-0.4907857428671285
MX1,-0.49100986562655424
ATP6AP1L,-0.492757573860319
DOCK2,-0.492767626630359
CBL,-0.49371288841268673
SEC16B,-0.49773336772415816
FBXO3,-0.499462737441481
MSR1,-0.5023878237798285
PRRC2B,-0.5043709390390249
IDH3G,-0.5047607568359165
C16orf70,-0.5057833273992097
ASB7,-0.5059261264348804
DLG1.AS1,-0.5085837606550532
OSBP,-0.512142816042561
FUCA1,-0.5129163557340349
EFCAB14.AS1,-0.5136612628656375
PEX3,-0.5139506298268509
NBR2,-0.5143920432304729
EIF4A1,-0.5167274796253223
TRIM23,-0.5176533603722847
CNOT11,-0.5222189307650179
NDRG4,-0.523010546082358
RTKN,-0.5234094713850241
IRAK1BP1,-0.5237343627897667
ATXN1L,-0.5250016401288999
H3F3C,-0.5251102640645448
DHRS1,-0.5251850040380013
HARS2,-0.527698273629918
SRRM2,-0.5286751247807899
TOMM20L,-0.5303931887364981
ZNF639,-0.5338464394723083
PXN.AS1,-0.53409904746758
RAD23B,-0.5346252298428189
TAPBPL,-0.5356299716579186
HTATSF1P2,-0.5358358865236119
DEDD2,-0.5376279627043699
AHSA2,-0.5383119393751368
ACAA2,-0.5397028903107802
DBP,-0.542940383566851
VPS41,-0.5466574533533611
NOP14.AS1,-0.5470334338812952
MCTP1,-0.5484950472297327
RBM18,-0.55002415576881
AIMP2,-0.5507952237409715
UPF2,-0.5515125530723426
RANBP17,-0.5516988398918266
SMAD3,-0.55277440914232
VIM.AS1,-0.5552717996407391
PPDPF,-0.5560744252243529
PRR15,-0.5585922883000543
RANGAP1,-0.5616521135749771
SETD4,-0.5639812118640555
PIK3R6,-0.5653896398339263
ELAVL2,-0.5703982871564333
PTPRCAP,-0.5737205329123478
SYNDIG1,-0.5738229373054753
YOD1,-0.5742954002338707
SAP25,-0.5761787715194944
KIAA1430,-0.5772357076156609
SUV420H2,-0.5790798400588499
LRR1,-0.580516001409004
TULP1,-0.58106857265142
TFCP2L1,-0.5828937721882275
POLE,-0.5866824534940853
XPNPEP2,-0.5874900732949341
MAN2B2,-0.5876157952878792
COPS4,-0.5903383664454023
SP4,-0.5904012294873947
SRSF4,-0.5906700196050275
DHX57,-0.5947752416551938
CDC14A,-0.5967973914037445
ZNF385A,-0.5973118852309939
CDSN,-0.5988181826864265
LUC7L,-0.5990081121303622
KDM5B,-0.6004292383372307
EIF3B,-0.6012833633543108
LARP6,-0.6027445409321411
DRG2,-0.6033344365560922
GSTM1,-0.6040257425860683
GRB7,-0.6043719376562943
SLC40A1,-0.6055330483737189
OTUB2,-0.6057307565175716
SLC3A1,-0.6075785606571406
RNF8,-0.608881704772596
POLG2,-0.612574346736234
OXT,-0.6132615017486573
IRF1,-0.6140859858838482
SCAMP3,-0.6141221625959831
ATF3,-0.6147702263007637
SSUH2,-0.6150978885193171
ZCCHC9,-0.6162414361458868
EIF2AK1,-0.6164178406966209
MLF1,-0.6175051188428864
MCMDC2,-0.6183660551463607
USP2,-0.6187731176956695
LARP1B,-0.6189068755541123
WARS,-0.6197246478093803
LARS,-0.6204937263888587
MBNL1.AS1,-0.6223566781311601
UBASH3A,-0.6223850067671891
AANAT,-0.6250043060718274
GYS2,-0.6253657420122152
USP48,-0.626156927146299
SENP3,-0.6279601958206269
GOLGA7B,-0.6330498902877518
PSMD6.AS2,-0.633818152344253
NCLN,-0.6341891513778292
EIF3J.AS1,-0.6349830679600964
KPRP,-0.6386613662275084
SRSF11,-0.641420057766864
INTS6.AS1,-0.6423488455073562
GPBP1L1,-0.6466897876986977
GOLPH3L,-0.6468609204428273
BAZ2B,-0.6478486953188253
ELANE,-0.6483918412924627
SEPT3,-0.6485285854044517
PSME4,-0.6490152784179424
HPS3,-0.6501460614891843
ARFGAP3,-0.6514848642461208
DKFZP434A062,-0.6528156061672379
METAP1D,-0.6540116170312876
PSMC6,-0.6542796479519514
EIF1AD,-0.6543220560547932
PREX2,-0.6544272961821539
SNRPE,-0.655112453444033
CSNK1E,-0.6566427610458805
RNF17,-0.6580652847283257
FAM134B,-0.6583815382004823
MORC1,-0.6641497939847946
SPTLC2,-0.6646122048749177
REEP6,-0.6672216882661021
YTHDF3.AS1,-0.6728786894674451
EPS15L1,-0.6765074573122861
ADIPOR2,-0.6782151778339072
KTN1.AS1,-0.679676883178206
POLR3D,-0.679940151050616
EOGT,-0.68121572516187
KIAA0196,-0.6830675944837753
CUL4B,-0.6833022733736055
HNRNPUL2,-0.6837340293950664
XPO4,-0.6839321190696688
VAV2,-0.6855849758322692
RPL12,-0.6878506175273621
CCT4,-0.6881737554149274
MTMR2,-0.6899078441120867
CELF2,-0.6921968378983976
TAX1BP3,-0.6955288014277955
FAF2,-0.6961596072237729
LAMP2,-0.6968536077140757
SUFU,-0.6986381122750442
KIAA0226,-0.6987076666395884
AKIRIN2,-0.700812779781438
ACOT1,-0.7022263455751885
RAB8B,-0.7065127899895216
RPL29,-0.7081866125344488
NEDD1,-0.7102065505720278
STXBP4,-0.711579778311777
ATXN7L3B,-0.7119260456659332
PDC,-0.7128109871510007
HNRNPCL1,-0.7154773907057753
MYL6B,-0.7160430714146572
TRAF3IP1,-0.7165814249072734
CCNL1,-0.7192059976419991
NUBP1,-0.7212857506113741
KLHDC4,-0.7233447304391314
QRICH2,-0.7256344687304453
FNDC1,-0.72622078305986
PPP2R5D,-0.7274066616852183
CSAD,-0.7286284927496597
LASP1,-0.7317730906796549
FUT1,-0.7320310547157567
PPP1CB,-0.7410926852484869
MARK2P9,-0.7420281418633767
TRIP13,-0.7430140691691244
MAPK15,-0.7434675972659514
PPP1CC,-0.746861628115788
ITGAM,-0.7493178923266927
RAB9A,-0.7495588994919847
SLC4A2,-0.7501492748940908
MTMR6,-0.7503527975317423
RIC8B,-0.7504279451118221
ARL6IP6,-0.7507184436690748
KRBA1,-0.7522802968582541
IGBP1P1,-0.754504617351469
PPP2R3A,-0.7545502501162088
NOS1,-0.7546581662740287
OTUD6A,-0.7550785553849351
ME3,-0.7552713310337197
FOXL1,-0.7584444521154358
ACTG1P4,-0.759405294281234
NUPL1,-0.7596714280151099
SECISBP2,-0.7609483697751607
ZRANB1,-0.7610415651130948
EIF3M,-0.7622169446779101
UBAC2.AS1,-0.7623525278482848
STARD7.AS1,-0.7650050774662964
SARS2,-0.7674632856803076
SRRM2.AS1,-0.7693828141969857
GGA3,-0.7699358150089345
EXOC8,-0.7716028316080425
IL10RB,-0.7734794810950871
CNEP1R1,-0.7763930256578734
DENND5B,-0.7766675522274834
BIRC3,-0.7785586603393375
ABHD16B,-0.7827949849971141
ZYG11A,-0.7836389176154338
NDUFS3,-0.786085819117605
SMG7.AS1,-0.7873857071682193
GTF3C2.AS1,-0.7874553373614442
PTPN2,-0.7892665051777811
DSCR4,-0.7896422896876312
PAFAH1B1,-0.7898605639563797
GTF2F2,-0.7898910972550973
MB,-0.7917794254669297
XPO7,-0.7927305470422028
GUCY1A2,-0.7938357157985061
C6orf118,-0.7981117400339979
ARPC4.TTLL3,-0.7995340204062682
PSMD5,-0.7999376523723569
WBP2NL,-0.8037384243709527
HNRNPF,-0.8072938181817605
PDIK1L,-0.8096201209805899
CSPG4,-0.8122007462766484
MSL2,-0.8142286869624399
HDAC6,-0.8143855006500934
ARHGEF7.AS1,-0.8159661367549735
SYN1,-0.8168466492216008
MAPK3,-0.8182264075513974
STAG3,-0.8213542024451862
EHD1,-0.8217034727205874
SETD6,-0.8224595148706182
FBRSL1,-0.825861825489289
MAPKAPK2,-0.8280812399213113
UBE3A,-0.828893159463966
CSNK1A1L,-0.8307574572856626
PAN3.AS1,-0.8315346900624251
PTPRB,-0.8324124772334245
EIF4E,-0.8346007117966877
TBRG4,-0.8398260070374639
SRSF6,-0.8411185096837023
ASB8,-0.8424072889558152
TMSB4Y,-0.8451612127472793
E2F5,-0.8452573920272772
STAT6,-0.8454906864854407
PFDN6,-0.8458011814275698
CFL1P1,-0.848302116685235
ANXA7,-0.8523951861268552
CHMP4C,-0.8529998582209817
SIKE1,-0.8539142155699743
TMEM249,-0.8552152498282468
ELAC1,-0.8561123068454993
AFM,-0.8604921342588381
ZZZ3,-0.8620879624866654
VAPB,-0.863048506205533
CD99,-0.8636006324560325
HPCA,-0.8649531752710047
CCDC89,-0.8668689400299786
LCP2,-0.8673019327304862
UBE2L6,-0.8706015002670298
NUP210L,-0.8709508708346969
ATP11C,-0.874346520566038
SLC38A3,-0.8770548678227277
ZC3H3,-0.8860170535928417
SEPT7P2,-0.8881131519191346
TAPT1,-0.8931228089447062
ADRBK2,-0.8992114330407376
PEX26,-0.907815151097927
HBQ1,-0.9078817692603762
TRIM27,-0.9085425492014654
MRAP,-0.91191687916276
WTAPP1,-0.9153175745111373
SS18L1,-0.9163127594184796
CAND1.11,-0.9181939531093797
STAT5B,-0.9208941257509097
PAFAH1B2,-0.926088749661378
HSPA1A,-0.9271702679523832
INPP5E,-0.9285677967815108
TPPP,-0.9287149902220624
MBD3,-0.929391758565483
YARS2,-0.9330839176133503
NINJ1,-0.9359492951796634
PSMA2,-0.9375097239425713
FNBP1L,-0.9392878973539058
WASF1,-0.9392984645168292
UBA6,-0.9446946544543117
AREG,-0.9458479297694761
VPS51,-0.9477915520153539
UBC,-0.9479284284056594
RAPGEF2,-0.9487385591537194
AATK,-0.9513319430456827
RAB8A,-0.9515471159906939
PRKAA2,-0.9563281508571503
HSPB1,-0.9563955546176522
SNX15,-0.9579748740778051
MECR,-0.9624960087234524
NCOA4,-0.9627661450016877
RAB15,-0.966655854435953
ADSSL1,-0.9680828647794254
TMEM67,-0.9689745640074913
BFSP1,-0.9706805368273667
YTHDF2,-0.974483646159143
HNRNPA3P1,-0.9767530535006712
IMP3,-0.9777361098589092
ZC3H18,-0.9788751812693436
EXOC3L1,-0.9789921407305575
MAATS1,-0.9794826533995709
ARHGAP10,-0.9809024743262932
SH3PXD2A,-0.9817218241453888
GLOD5,-0.9836139231647174
SDHAF1,-0.9844993544066141
SDHC,-0.984885821925311
CHD5,-0.9851136939079947
FBXL4,-0.9870509373525757
PAIP2B,-0.9914114375074368
ATRIP,-0.9924883023626291
GNAS.AS1,-0.9978811680139852
ILF3,-1.0012013922449712
POLA1,-1.0044224842293772
WDR62,-1.0044714334778155
SMCR9,-1.0060981086912841
FXYD6,-1.0124633564559913
EIF3IP1,-1.0125869739787865
RSRP1,-1.0156297716646527
RNF207,-1.0161195219886627
RAC3,-1.0167278282303753
SPIN1,-1.0172742253741094
RBM38,-1.0174823773254629
PPP6R2,-1.0177886195175345
ERH,-1.0182423579867557
FBXW10,-1.0210909496121294
GJA1,-1.0245845024130444
RPL19P12,-1.0259465714276483
GMIP,-1.0264294328820227
PI4KAP1,-1.0304926395935043
DDX42,-1.0305474197756115
SMARCD3,-1.0310379272519086
RNMTL1,-1.0318574403438898
RPS19BP1,-1.0322543227658796
CLRN1,-1.0326128625761668
DDX49,-1.0336060334502704
NSMAF,-1.0348214939130165
WDR47,-1.0352445713380787
STUB1,-1.0380170791916807
DCTN3,-1.0381931590554387
CSRP2,-1.0394583615037185
APH1B,-1.0417617828580616
NUDT22,-1.0420397104622183
GPIHBP1,-1.0421351683967603
BCMO1,-1.0454834653936587
PLEKHA3,-1.0483735854235088
BRPF3,-1.0506494768407915
SLC44A3,-1.0525420627231277
DNM1P35,-1.0542864915925114
RPL38,-1.0581528700239418
CNDP1,-1.058973006097306
SMEK3P,-1.059475318159205
CMPK2,-1.0619463694267173
RFC2,-1.0680841262290566
FXR2,-1.0685920822971648
UFD1L,-1.0690992096285281
H2AFY2,-1.0691543762995002
CALML3,-1.0693062451077258
SRSF10,-1.0695645562606473
CDX1,-1.0703196961593453
BID,-1.0710863042601706
RNF40,-1.0722883276644564
INTS9,-1.0734175062637796
FTSJ2,-1.0735315901774505
WDR46,-1.0747113135716688
PPM1D,-1.0761249631005545
EID1,-1.0761316277473314
ATG14,-1.0761337581578951
MAPKAPK5.AS1,-1.0761686235061954
RNF41,-1.0778980964109113
MED4.AS1,-1.0824573044811936
FAM120C,-1.0832268683106638
FCN1,-1.084652064063263
PPP1R8,-1.0865126235910765
TAP1,-1.0877270298763637
WIPF2,-1.0896648540422555
BSG,-1.089815754174548
TRIM34,-1.0916341003106342
WNK2,-1.0919883192057112
GPS2,-1.0960589306364592
SF3A1,-1.0963537516476982
BTG2,-1.1002049287774351
WBP11P1,-1.1002815670151207
YEATS4,-1.101978955675372
PDIA3P1,-1.112982929405637
SEC31B,-1.1136226841535002
UBE2E2,-1.1224274527764784
MIER2,-1.1242438359930973
AZU1,-1.1269787114507153
UBE4B,-1.127075564946923
PSMA6,-1.129579248822958
ECHDC1,-1.1320180496133934
UBE2L3,-1.1322281641213934
EGLN2,-1.132839359747667
NXF2,-1.1332812636956322
PEG10,-1.135368612224221
COPB1,-1.148347650212526
GPBAR1,-1.1541289257189367
APIP,-1.1573673958726358
BCL7C,-1.1579948173374977
MORF4L2.AS1,-1.1590964005008977
UROC1,-1.1600682068449657
ARPC2,-1.162171041567108
TNPO2,-1.1667987858627777
IBA57,-1.1675926525839242
RPS6KA2,-1.1678462567364236
CSMD1,-1.1717837854387618
RALGDS,-1.172386121487209
FAM13C,-1.1734153289086808
ERCC4,-1.17458247950121
UBA2,-1.1808055033427691
PDCD6IP,-1.1817096040906558
CNPY1,-1.1944390259866817
AGPAT4,-1.1973039345387189
AKAP8L,-1.1995406110943536
EIF2B2,-1.2009069464832332
PSMB8,-1.2162210869468595
RIPK1,-1.224844789154938
SKP1P2,-1.2252367067388708
DHX16,-1.2260626260684875
ILF3.AS1,-1.227887627575134
IREB2,-1.2299227192853508
TPM3P9,-1.2310404206576586
SDHAP1,-1.231254758583805
CARD10,-1.2340911139580608
RBM34,-1.2342296190664876
CERKL,-1.2349248435703533
WI2.2373I1.2,-1.243000874229609
TMED5,-1.2439361924793086
TATDN3,-1.2448279336680022
KCTD21,-1.2450849153870893
RNU11,-1.245434518533876
GAL,-1.2468095038632683
TP53I11,-1.247272292976334
THOC6,-1.2507160481892718
MAP4K1,-1.2532437132963463
MARS2,-1.2540967441736428
RPS14P3,-1.255280745366121
ZC3H8,-1.2554128668118067
AP3M1,-1.2564089761717991
CD46,-1.261953615278117
HERC4,-1.26334956552129
MBD2,-1.266883140229126
ATG13,-1.270574403751534
THAP1,-1.2746697365090824
ARFIP1,-1.2758000337303541
TOP3A,-1.277033639305384
PITPNA.AS1,-1.2827093301240142
FAM168B,-1.285384599246879
XPOT,-1.2858653297751372
BTN2A2,-1.2869338974394764
NUDT6,-1.2882970195987
TBC1D21,-1.2883486488979279
RPS6KA4,-1.2892753152164897
ARHGDIB,-1.2928711604442895
STAU2,-1.2933820380700078
EIF3C,-1.2981163687652484
HNRNPH2,-1.299583082471504
SLC25A30,-1.302810793437723
DHX32,-1.3052988904997826
RTFDC1,-1.3058461698574382
RNF32,-1.3102749445793844
SETBP1,-1.3119297666994973
PTP4A3,-1.3121525183966964
EIF4A3,-1.3124238985442467
SRP72,-1.3134890984787988
SFT2D1,-1.3140994243314275
ELMO3,-1.3179549963134156
RPL31P11,-1.3186694489306143
PDPN,-1.3188635694360755
MRPS17,-1.3221266836781165
TLE6,-1.3247090878209973
PPM1N,-1.3264014433412328
ATG4C,-1.326407906367426
MON2,-1.3268147246147908
FAM193B,-1.327286115212691
VHLL,-1.3287261875791867
MARCH8,-1.331580381540961
RBM33,-1.332678349389648
UGGT2,-1.335118933250685
IPO8,-1.3373972039612074
KIAA1210,-1.343560744250506
BLID,-1.3461511603214742
SECISBP2L,-1.3470959063682195
C9orf84,-1.348529583639315
DNMT3A,-1.3492017519665536
ARFGEF2,-1.3493816755533972
CCNE1,-1.3585550998467166
CNP,-1.3593789719366316
UBE3B,-1.3601351832772122
RUNX1.IT1,-1.3605994770091412
SCAI,-1.3629628872611321
SRSF7,-1.3633334121970575
HSPA9,-1.3654993305569305
TRAPPC3L,-1.3665716602724187
CCDC7,-1.3670972988574341
MKRN2,-1.3730804243836061
FAH,-1.3732906524241262
ARF4,-1.3740366119741345
TAF6,-1.378761324944431
ITGA5,-1.3794187087302532
KMT2E.AS1,-1.381997671360847
ZDHHC7,-1.3842588055528438
RAB23,-1.384542959446004
RAD50,-1.3886529019687968
ZNF658,-1.389285177710459
DDX24,-1.389350705838777
SP100,-1.3935570840062594
UGT1A1,-1.3950780179304778
SNX7,-1.3970759342061558
GAPDHS,-1.3986321970456244
NDST3,-1.3987064975815984
JAK2,-1.4003529986484
PDCD4.AS1,-1.4027540672882577
KIAA0020,-1.403586200316397
PABPC1L,-1.405097155607199
PUM1,-1.4105598655452982
PIANP,-1.4106007551675523
SRP9,-1.4127368769761457
EMC6,-1.423260834808653
FGD4,-1.4241365675764188
STIM2,-1.4257462724253855
BTBD10,-1.427182856413307
EPS15,-1.4273885237109274
CRLF1,-1.4281690614282883
GPT,-1.431493985372974
CFLAR.AS1,-1.4328311992757767
DLX1,-1.4336456735147929
ITGA6,-1.4340242981901032
MCCD1,-1.4344999656112638
XPO6,-1.4345516952932729
PPP1R12A,-1.4350408052659949
BACE1,-1.4422392808246502
SLAMF1,-1.443911985746116
PARP8,-1.4454018080436637
VPS13A,-1.4454832424658486
THUMPD2,-1.4521253162643215
PDHX,-1.4538997749552585
MLXIPL,-1.4547066864920886
STK11,-1.4664829610724917
RASSF4,-1.4695293222142969
SEC61A2,-1.4712344563838085
CHD3,-1.4766454519490997
CYTH2,-1.4768796906882882
CCNYL1,-1.4776873798147292
RBBP8,-1.4781406845071912
PPP1R1A,-1.4797579571315758
MAP2K4,-1.485127166020718
B4GALT1.AS1,-1.4871179904824021
OAZ2,-1.4891646974249741
KDM4D,-1.4907793194337013
RNF43,-1.493018486585299
CD47,-1.494015265313476
ZNF208,-1.4947570590480803
STRBP,-1.4958452840050291
SMC5.AS1,-1.4984034104371902
GLI1,-1.4984190638661148
BCAR1,-1.5026242989111647
ARL3,-1.5033784126539531
GLUD1P3,-1.505866049784707
COPZ2,-1.506837091133343
RNF39,-1.5090822842366223
DNPH1,-1.51098330759892
MYO1H,-1.5126905954222771
TOPORS,-1.5141145192799994
MAX,-1.516410686313896
CERS3,-1.516774645678689
ACTR1B,-1.5178730322174927
TPI1P2,-1.5213724821214902
RAP2A,-1.5265099187583802
RANBP1,-1.527234626188154
EIF3I,-1.5276480871936449
TIAF1,-1.529173998270026
DHX9,-1.530770333061649
NFXL1,-1.5315405301649763
CD48,-1.5321481360231426
MECOM,-1.5323605741151913
WDR27,-1.5328360982378848
BPY2,-1.5376252800717067
ATXN3,-1.5399103217843977
NCKAP5,-1.545254618905428
YME1L1,-1.546390207202818
HNRNPLL,-1.554075601437221
NAT14,-1.5590205505194632
UBA3,-1.5654421609411218
SUPT6H,-1.566719742317286
SERINC2,-1.5740697482644357
PHKA2.AS1,-1.5785307788692615
SLC35E2,-1.5795120617403344
USP50,-1.5825567769953086
FUBP3,-1.5831408954313113
STRIP2,-1.5861764077045315
TIRAP,-1.5874789350293408
GATC,-1.589162957417356
NACA2,-1.595073652949297
SELM,-1.5983132220758365
EIF4G1,-1.5986801756851272
SF3B5,-1.6046370806208121
SNAP25,-1.6058038634643368
SF3B2,-1.6179291729942664
ARPC1B,-1.6180889478989144
MAPK10,-1.6236039761924614
DERL2,-1.624881193388218
CALR3,-1.6282524397637106
TPRA1,-1.6295371371511034
XPR1,-1.6390369445910447
TMPO.AS1,-1.6462560920636962
SDHD,-1.6587819100867434
FZD1,-1.6662483262297327
SLC25A5.AS1,-1.6679389080724936
DOCK3,-1.6708381683446962
CNPY4,-1.6733095257072128
RBAK,-1.6791233923600624
EIF2D,-1.6810905375864769
HECTD1,-1.6833097427611097
APEX2,-1.686139988002771
NUCB1.AS1,-1.6884885952895727
ZNF593,-1.6889842270316264
SYS1.DBNDD2,-1.6935198428007585
TRAPPC10,-1.694818192912544
ANAPC1P1,-1.695805946276914
PLEKHM3,-1.704581817626558
PRMT6,-1.7056157845164408
CASP5,-1.7069030742679698
CD164L2,-1.7097131332024065
RBMS2,-1.7121697471320068
NRDE2,-1.715358101940545
SYK,-1.7201641834394674
BAZ1B,-1.7213566652940415
VAMP3,-1.7225115929259838
ELF2,-1.7240490868034632
CREB3,-1.7264908867170004
UBFD1,-1.7279959428229945
ELF5,-1.730348731561611
CEP170,-1.7346941159604397
AHCYL2,-1.735450490239338
PHKG1,-1.7354925689381948
TNKS2.AS1,-1.7382824832881292
MAPRE2,-1.7394920989030327
SMAD5,-1.7439769189376477
G6PC,-1.7440357433782212
SUN3,-1.7501361255755505
PSMA8,-1.7543061587542286
SREK1,-1.7568080190277042
HLA.F,-1.765164748841907
NFE2L2,-1.7792188186474556
FAM50A,-1.779688460018664
TXLNB,-1.7858491300478818
SUPT20HL1,-1.7883598911535086
RNF5,-1.7968301632482402
CPNE4,-1.80082523451715
HIPK1.AS1,-1.8070528484704915
TMX4,-1.8095253086919787
RAB11B,-1.8113395189792252
GPC1,-1.8131268043968374
PPP1R26,-1.816099124501304
NUP205,-1.8187529793624755
SRXN1,-1.8188359550315767
MED30,-1.8221854068463095
TBC1D10A,-1.8237123554946906
ANXA8,-1.8285534401618389
PASD1,-1.834156895010717
PKN2,-1.846634884475875
UBE2H,-1.850425228820426
OGDHL,-1.8567581129744744
KIAA0930,-1.8594763528514122
TMX1,-1.8670169400826997
BSN,-1.8755761437019016
NUP153,-1.8839770865916448
C17orf64,-1.8969147546543055
MAP3K14.AS1,-1.9016328878498787
NUP62CL,-1.916286578920051
GBA3,-1.9223859748878114
FMNL2,-1.9244869860612441
KAT6A,-1.9261562189554333
RABGGTA,-1.9288828547048649
SLC12A7,-1.933826734531365
KCNA1,-1.934311124683442
TMEM11,-1.9349345384529852
SLC25A47,-1.9354191818329123
XRCC6,-1.9408311546033428
INPP4B,-1.9479939503375727
SRSF3,-1.9484741305650273
ANP32A.IT1,-1.9579940985400333
PCK1,-1.9638560234589064
CD40,-1.96748752388478
GTPBP6,-1.975580031354393
BRMS1,-1.9767665676012522
TGFBR3,-1.9891659955531684
SSR2,-1.99398031775683
UBE3C,-2.0047934085367856
UBE2G2,-2.0150587143749945
YY1P2,-2.032136266973158
DDX19B,-2.0358451620345974
GPR108,-2.0411184717726853
ARHGDIG,-2.047875499408554
ARPC3,-2.0627002819810554
SCAF4,-2.0631919736634345
CCT3,-2.067814338801372
CCT6A,-2.0810120152258476
CASP3,-2.1161840858669962
ARHGEF7,-2.123508323442694
CPT1A,-2.129219066301724
RSC1A1,-2.1300394956442434
TRA2B,-2.1331416243875054
HK2,-2.1400191141405616
ZBTB11.AS1,-2.142987739721405
ATP5L2,-2.145579912146429
PSME2,-2.1613542339465774
CAB39L,-2.172490833856439
POC1A,-2.176683643898706
GNA14,-2.1771791992749825
RAG1,-2.1809760535059812
RAB3IL1,-2.1876015746967545
ANKRD18A,-2.187712108711005
ABCB11,-2.191836601002284
SCYL2,-2.1943291501160895
PPIH,-2.207871379848928
GGPS1,-2.210750312313636
CTNND1,-2.21513099305959
DPF3,-2.2154346116024333
ADIRF,-2.220550225244849
TAF10,-2.2362076185786006
SNRPB2,-2.253388856969453
BRMS1L,-2.276028606280733
MGAT2,-2.292224660173884
KLHL13,-2.317433975464206
ERBB3,-2.3362098973292746
FAM78A,-2.3366872916344907
MTMR4,-2.3444001278672237
PSMD14,-2.3990842353483344
TRPC5,-2.4103379198632786
SZT2,-2.4222955092933747
UBE2Q2,-2.431648124421381
SUPT5H,-2.451324822743223
CAPN3,-2.4525003876473868
RNF103,-2.4641061431178666
ACSL6,-2.5109334326373616
CREBRF,-2.5185974738214307
TSR2,-2.5274756476801348
ABRA,-2.544864910193121
FBXO39,-2.547313716003272
U2AF1L4,-2.5579072214985867
NDUFS2,-2.5582653222788423
CNOT2,-2.560726333156206
DNAJC12,-2.6086662462830392
PRKCZ,-2.6154362990113564
STXBP3,-2.642311519017985
TCP1,-2.6674929494473294
SARDH,-2.7388597512001187
CSNK2A2,-2.7402247979066665
ARPC4,-2.768916963861935
TRAPPC9,-2.7722484114509593
MYOC,-2.80808480828648
POLR2B,-2.8426242719655823
ATP5C1,-2.9713793946178204
RBM4,-3.0957348713606483
ASB9,-3.1191891827580394
LRP1,-3.1461486457373216
COLGALT2,-3.5504698153187513
RPS13,-3.5813939706402964
