generator,condition,n,mean_accuracy,sd_accuracy,ci_low,ci_high
ARF,Real,100,0.6185350318471338,0.011972544089262871,0.6161884132056382,0.6208816504886293
ARF,Synthetic,100,0.5959,0.01303414319734477,0.5933453079333204,0.5984546920666796
ARF,Real+Synthetic,100,0.6188515406162465,0.008913710876491532,0.6171044532844542,0.6205986279480388
CTGAN,Real,100,0.6185350318471338,0.011972544089262871,0.6161884132056382,0.6208816504886293
CTGAN,Synthetic,100,0.51425,0.016535468459397126,0.5110090481819581,0.5174909518180418
CTGAN,Real+Synthetic,100,0.544453781512605,0.01182836390364982,0.5421354221874897,0.5467721408377204
TVAE,Real,100,0.6185350318471338,0.011972544089262871,0.6161884132056382,0.6208816504886293
TVAE,Synthetic,100,0.6782,0.013437472104739664,0.6755662554674711,0.680833744532529
TVAE,Real+Synthetic,100,0.6749579831932774,0.00827429197252789,0.6733362219666619,0.6765797444198929
